,precision,recall,f1-score,support
0,0.3570487483530962,0.197954711468225,0.25469924812030076,1369.0
1,0.3484848484848485,0.14935064935064934,0.20909090909090908,462.0
2,0.5713274336283186,0.7110132158590309,0.6335623159960747,2270.0
3,0.4492307692307692,0.5926928281461434,0.5110851808634773,2217.0
4,0.7187237615449202,0.5417721518987342,0.6178274990977987,1580.0
accuracy,0.5221575082299317,0.5221575082299317,0.5221575082299317,0.5221575082299317
macro avg,0.4889631122483905,0.4385567113445566,0.44525303063371213,7898.0
weighted avg,0.5163637844336871,0.5221575082299317,0.5055346951806321,7898.0
