,precision,recall,f1-score,support
0,0.6689814814814815,0.21110299488677867,0.3209328151027207,1369.0
1,0.6376811594202898,0.38095238095238093,0.4769647696476964,462.0
2,0.357710394032755,0.9718061674008811,0.5229346924262178,2270.0
3,0.7688172043010753,0.3225078935498421,0.4544010168414362,2217.0
4,0.978494623655914,0.05759493670886076,0.1087866108786611,1580.0
accuracy,0.44023803494555586,0.44023803494555586,0.44023803494555586,0.44023803494555586
macro avg,0.6823369725783032,0.3887928746997487,0.37680398097934636,7898.0
weighted avg,0.6676292967291091,0.44023803494555586,0.3831433779167034,7898.0
