,precision,recall,f1-score,support
0,0.7012987012987013,0.7888970051132214,0.7425232038501203,1369.0
1,0.8189655172413793,0.6168831168831169,0.7037037037037038,462.0
2,0.9530864197530864,0.8502202643171806,0.8987194412107101,2270.0
3,0.8049689440993789,0.8768606224627875,0.8393782383419689,2217.0
4,0.8974522292993631,0.8917721518987342,0.8946031746031746,1580.0
accuracy,0.8417320840719169,0.8417320840719169,0.8417320840719169,0.8417320840719169
macro avg,0.8351543623383819,0.8049266321350081,0.8157855523419355,7898.0
weighted avg,0.8488904577417399,0.8417320840719169,0.8427567838702708,7898.0
